HomeTeam;AwayTeam;DateTime;FTHG;FTAG;HGE;AGE;HPB;APB;HTG;ATG;HCG;ACG;HCF;ACF;HCB;ACB;HFC;AFC;HES;AES;HIP;AIP;HLC;ALC;HDG;ADG;HFT;AFT;HCV;ACV;HCA;ACA;HPT;APT;HPC;APC;HATK;AATK;HATKP;AATKP
Bahia;Atlético-MG;06.12.2023 21:30;4;1;1.50;1.00;38%;62%;14;9;7;5;7;2;0;2;15;18;3;5;2;3;18;14;4;3;16;10;-;-;2;2;297;534;235;466;81;111;45;26
Coritiba;Corinthians;06.12.2023 21:30;0;2;0.55;0.58;43%;57%;12;12;4;6;5;5;3;1;13;17;6;7;0;1;12;14;4;4;17;12;-;-;1;0;522;680;456;617;93;104;63;45
Cruzeiro;Palmeiras;06.12.2023 21:30;1;1;1.26;1.47;51%;49%;14;8;6;5;7;1;1;2;17;9;3;4;0;0;23;21;4;5;9;19;-;-;1;1;424;381;356;298;116;60;38;26
Cuiabá;Athletico-PR;06.12.2023 21:30;3;0;2.74;0.85;47%;53%;12;15;6;3;5;7;1;5;14;13;5;9;3;2;10;13;3;3;10;14;1;0;4;3;402;506;343;436;76;102;28;62
Fluminense;Grêmio;06.12.2023 21:30;2;3;2.10;2.10;62%;38%;20;13;7;5;11;6;2;2;5;10;7;3;0;0;15;15;2;5;11;11;-;-;3;3;653;295;599;238;146;68;76;27
Internacional;Botafogo;06.12.2023 21:30;3;1;1.48;0.45;53%;47%;7;9;3;5;3;2;1;2;14;13;1;5;2;3;9;16;4;0;10;10;-;-;1;2;556;488;492;417;104;120;21;31
Santos;Fortaleza;06.12.2023 21:30;1;2;0.97;0.94;57%;43%;14;14;6;6;4;5;4;3;10;14;10;6;4;2;23;29;5;5;15;9;-;-;2;3;380;321;298;231;112;81;72;32
São Paulo;Flamengo;06.12.2023 21:30;1;0;0.52;0.44;47%;53%;9;8;3;2;4;5;2;1;16;15;4;9;2;0;18;16;2;2;13;16;-;-;0;3;422;545;367;479;73;112;26;49
Vasco;Red Bull Bragantino;06.12.2023 21:30;2;1;1.83;0.88;46%;54%;11;10;5;2;4;5;2;3;15;9;2;3;0;1;22;21;1;3;8;14;0;1;3;1;329;396;256;333;88;108;44;35
Goiás;América-MG;06.12.2023 19:00;1;0;0.91;0.91;46%;54%;12;10;3;3;5;4;4;3;15;15;8;7;3;2;17;18;3;2;12;13;-;-;2;2;390;531;303;457;66;128;44;62
América-MG;Bahia;03.12.2023 18:30;3;2;1.06;3.30;46%;54%;10;27;3;5;4;15;3;7;4;15;2;10;1;3;21;21;3;0;14;4;1;0;2;0;370;483;301;398;81;125;32;81
Athletico-PR;Santos;03.12.2023 18:30;3;0;1.05;0.67;49%;51%;11;12;6;3;4;7;1;2;15;19;6;6;1;0;20;16;3;3;18;15;-;-;5;4;386;357;312;289;90;87;33;47
Botafogo;Cruzeiro;03.12.2023 18:30;0;0;0.73;0.90;54%;46%;13;6;2;3;9;3;2;0;10;14;6;2;3;4;17;14;3;2;17;13;-;-;4;3;496;349;438;278;112;88;63;27
Fortaleza;Goiás;03.12.2023 18:30;1;0;1.30;0.42;42%;58%;6;4;1;1;4;1;1;2;14;21;4;2;2;0;16;15;1;0;19;14;-;-;2;4;417;517;357;449;95;122;45;25
Grêmio;Vasco;03.12.2023 18:30;1;0;0.81;0.69;49%;51%;12;7;5;1;5;4;2;2;14;19;5;6;1;2;24;22;1;4;18;12;-;-;3;1;385;439;312;369;90;108;39;44
Red Bull Bragantino;Coritiba;03.12.2023 18:30;1;0;1.99;0.26;57%;43%;25;6;7;0;13;2;5;4;9;13;12;6;1;1;21;22;0;6;16;10;-;-;4;1;497;282;404;190;139;68;81;34
Flamengo;Cuiabá;03.12.2023 16:00;2;1;1.66;0.95;67%;33%;19;2;6;1;11;0;2;1;8;12;6;2;0;1;12;9;0;4;12;9;-;-;2;1;652;297;602;248;61;52;40;28
Palmeiras;Fluminense;03.12.2023 16:00;1;0;1.82;0.19;37%;63%;22;6;5;2;14;3;3;1;15;11;7;1;1;3;21;13;2;4;11;12;0;1;1;2;350;599;282;535;74;67;46;34
Atlético-MG;São Paulo;02.12.2023 21:00;2;1;0.89;1.24;48%;52%;5;16;2;5;2;5;1;6;8;18;3;5;0;0;25;24;4;0;14;8;-;-;4;1;422;436;352;384;92;104;36;32
Corinthians;Internacional;02.12.2023 18:00;1;2;0.11;0.68;47%;53%;9;10;2;3;6;6;1;1;9;7;5;4;2;1;17;9;1;1;4;12;1;0;2;2;517;525;452;462;130;95;45;34
Red Bull Bragantino;Fortaleza;30.11.2023 20:30;1;2;1.33;0.54;67%;33%;14;6;6;4;5;2;3;0;11;9;15;3;0;2;37;21;2;5;9;10;2;0;1;4;617;195;506;117;156;58;84;12
Cruzeiro;Athletico-PR;30.11.2023 20:00;1;1;2.80;1.01;54%;46%;24;6;9;3;11;2;4;1;11;11;2;3;1;1;21;15;2;8;10;11;-;-;3;4;488;354;420;297;134;60;63;30
Grêmio;Goiás;30.11.2023 19:00;2;1;1.16;0.77;44%;56%;13;14;8;7;0;5;5;2;14;12;6;3;0;1;17;14;6;6;16;14;-;-;3;2;402;414;314;331;125;102;62;33
Coritiba;Botafogo;29.11.2023 21:30;1;1;1.59;1.98;46%;54%;13;21;2;6;9;12;2;3;11;13;3;10;0;0;13;15;5;1;14;11;1;1;4;1;413;477;347;390;96;146;39;66
Palmeiras;América-MG;29.11.2023 21:30;4;0;3.29;0.07;51%;49%;24;3;12;1;11;2;1;0;16;12;10;2;2;2;13;19;1;8;10;15;-;-;2;2;386;430;320;367;93;84;62;20
Bahia;São Paulo;29.11.2023 20:00;0;1;0.61;0.92;34%;66%;15;14;3;5;6;5;6;4;16;15;3;5;0;3;10;15;4;3;15;11;-;-;4;3;300;595;238;531;87;123;33;56
Cuiabá;Internacional;29.11.2023 20:00;0;2;0.71;1.47;45%;55%;8;11;1;3;5;5;2;3;9;10;2;5;1;1;11;14;1;1;13;12;-;-;3;2;409;515;348;461;102;89;40;47
Flamengo;Atlético-MG;29.11.2023 19:30;0;3;0.96;1.25;55%;45%;19;10;4;5;12;3;3;2;15;12;10;1;0;3;29;11;2;4;12;12;-;-;3;2;594;423;511;355;158;78;93;16
Santos;Fluminense;29.11.2023 19:00;0;3;1.65;1.33;35%;65%;26;9;8;6;13;2;5;1;10;19;5;3;3;0;15;16;3;8;18;9;-;-;2;3;290;686;240;617;82;89;73;28
Vasco;Corinthians;28.11.2023 21:30;2;4;1.32;1.49;49%;51%;20;14;9;6;9;2;2;6;5;9;8;3;0;1;23;13;2;7;9;6;-;-;3;1;553;504;472;443;126;96;65;38
Goiás;Cruzeiro;27.11.2023 21:00;0;1;0.39;0.81;44%;56%;10;11;3;7;7;4;0;0;18;14;4;5;0;3;16;18;6;3;18;17;-;-;3;3;352;403;282;318;90;93;49;59
América-MG;Flamengo;26.11.2023 18:30;0;3;0.41;2.81;44%;56%;11;21;1;7;9;9;1;5;13;10;3;7;0;0;11;15;4;1;9;13;-;-;4;4;398;548;334;466;80;104;41;67
Fortaleza;Palmeiras;26.11.2023 18:30;2;2;1.90;0.87;39%;61%;20;11;7;5;9;3;4;3;12;18;4;7;0;1;16;11;3;5;18;12;0;1;2;2;277;448;224;372;70;99;33;27
Internacional;Red Bull Bragantino;26.11.2023 18:30;1;0;1.08;0.45;41%;59%;7;15;2;5;3;6;2;4;16;16;4;7;0;4;18;14;5;1;18;12;-;-;5;5;303;494;205;407;70;144;22;72
São Paulo;Cuiabá;26.11.2023 18:30;0;0;0.85;0.10;59%;41%;19;3;4;0;8;2;7;1;9;10;5;1;1;2;15;14;0;4;12;11;-;-;1;0;710;425;652;356;126;72;54;40
Atlético-MG;Grêmio;26.11.2023 16:00;3;0;2.18;1.38;47%;53%;16;19;6;6;8;9;2;4;10;11;7;7;1;0;12;10;6;3;10;12;-;-;2;2;440;499;371;436;81;131;41;67
Botafogo;Santos;26.11.2023 16:00;1;1;1.56;0.25;48%;52%;18;6;5;4;9;0;4;2;22;13;4;5;1;3;22;24;3;4;14;15;-;-;2;3;387;452;322;383;91;115;54;38
Fluminense;Coritiba;25.11.2023 21:00;2;1;1.83;0.84;61%;39%;20;16;7;3;10;10;3;3;13;16;6;5;1;4;17;21;2;5;15;11;-;-;2;2;575;354;524;288;116;90;56;46
Athletico-PR;Vasco;25.11.2023 19:30;0;0;1.51;0.69;52%;48%;18;8;4;2;12;4;2;2;20;18;5;1;2;2;27;23;2;4;15;19;-;-;1;4;423;347;351;278;113;64;70;24
Corinthians;Bahia;24.11.2023 21:00;1;5;0.91;2.96;61%;39%;12;11;2;7;9;2;1;2;15;8;3;3;1;1;29;18;2;1;7;14;-;-;2;3;639;337;556;266;151;74;48;27
Flamengo;Red Bull Bragantino;23.11.2023 21:30;1;0;1.12;1.17;54%;46%;13;16;4;3;5;8;4;5;17;13;8;6;2;2;20;14;3;3;11;15;0;1;4;3;439;375;351;308;106;110;46;38
Fortaleza;Botafogo;23.11.2023 19:00;2;2;2.06;0.68;37%;63%;15;8;4;1;7;5;4;2;19;20;4;5;2;0;18;23;0;2;17;19;-;-;2;4;257;547;190;481;63;120;50;42
Fluminense;São Paulo;22.11.2023 21:30;1;0;1.01;0.07;56%;44%;24;4;8;1;10;1;6;2;16;24;3;4;1;2;12;18;1;7;23;14;0;1;5;5;502;337;445;263;96;59;62;26
Cruzeiro;Vasco;22.11.2023 19:00;2;2;1.32;0.57;50%;50%;12;7;4;4;6;3;2;0;14;13;7;5;3;6;24;32;2;2;12;8;0;1;1;0;410;413;330;335;127;84;54;29
Fortaleza;Cruzeiro;18.11.2023 18:30;0;1;-;-;47%;53%;16;7;7;2;6;4;3;1;14;17;11;1;6;0;14;16;1;7;16;14;-;-;1;1;349;324;277;259;89;82;61;28
Atlético-MG;Goiás;12.11.2023 18:30;2;1;1.43;0.74;52%;48%;8;22;4;6;3;10;1;6;15;16;3;7;1;3;9;19;5;2;17;16;1;0;1;2;417;399;341;319;107;106;22;46
Bahia;Athletico-PR;12.11.2023 18:30;1;1;2.23;0.72;51%;49%;24;6;6;4;12;0;6;2;14;7;11;5;0;0;23;16;3;5;8;14;-;-;3;4;434;406;338;329;131;100;77;36
Cuiabá;Fortaleza;12.11.2023 18:30;2;1;1.40;0.39;41%;59%;7;11;4;2;3;5;0;4;15;7;2;9;2;2;13;18;1;2;7;15;-;-;1;2;345;611;288;539;66;144;19;76
Santos;São Paulo;12.11.2023 18:30;0;0;0.65;1.29;37%;63%;10;11;3;2;5;8;2;1;13;12;1;4;1;1;13;36;2;3;12;14;-;-;0;2;258;636;205;558;87;121;33;43
Vasco;América-MG;12.11.2023 18:30;2;1;1.07;2.39;52%;48%;17;14;6;6;9;5;2;3;12;13;7;8;0;0;21;20;5;4;14;12;-;-;1;1;426;417;343;338;94;98;38;56
Grêmio;Corinthians;12.11.2023 16:00;0;1;0.87;0.43;60%;40%;22;10;8;4;11;4;3;2;6;15;12;1;2;0;21;13;3;8;15;6;1;1;2;6;622;240;525;166;167;66;133;21
Red Bull Bragantino;Botafogo;12.11.2023 16:00;2;2;2.18;0.99;60%;40%;23;10;6;4;13;3;4;3;20;12;7;3;0;3;30;21;2;4;12;16;-;-;2;1;520;260;417;174;148;69;73;30
Palmeiras;Internacional;11.11.2023 21:00;3;0;1.73;0.79;41%;59%;17;7;9;5;6;2;2;0;13;12;6;3;3;1;15;24;5;6;13;13;-;-;1;2;347;582;274;508;90;117;40;37
Flamengo;Fluminense;11.11.2023 18:30;1;1;0.93;1.44;43%;57%;10;14;5;4;2;6;3;4;16;10;5;2;3;2;13;17;3;4;13;17;1;1;1;4;414;554;337;499;89;88;55;30
Coritiba;Cruzeiro;11.11.2023 16:00;1;0;0.25;0.47;50%;50%;5;12;2;4;2;8;1;0;17;15;1;5;2;1;22;27;4;1;15;18;-;-;4;4;332;448;256;358;78;94;41;53
Bahia;Cuiabá;09.11.2023 20:00;0;3;0.83;1.80;58%;42%;12;10;4;7;4;2;4;1;25;9;7;4;0;3;23;16;4;4;9;23;1;0;1;3;582;336;489;279;120;87;52;29
Botafogo;Grêmio;09.11.2023 20:00;3;4;1.25;1.90;49%;51%;12;14;5;7;5;4;2;3;11;6;2;6;0;0;12;24;3;2;8;17;-;-;0;2;409;397;335;306;106;98;28;35
Corinthians;Atlético-MG;09.11.2023 19:00;1;1;1.39;0.96;39%;61%;13;14;9;4;3;8;1;2;19;11;5;6;3;0;14;17;3;8;8;19;-;-;1;4;345;562;273;483;111;146;34;39
Goiás;Santos;09.11.2023 19:00;0;1;0.92;1.27;51%;49%;10;16;3;5;5;9;2;2;12;17;5;6;2;0;28;19;4;3;19;13;-;-;2;1;461;330;378;257;122;91;47;58
Flamengo;Palmeiras;08.11.2023 21:30;3;0;1.23;0.85;51%;49%;12;10;6;2;4;4;2;4;20;12;4;5;0;3;9;14;2;3;13;17;0;1;1;1;517;490;470;441;103;95;43;35
Athletico-PR;Fortaleza;08.11.2023 20:00;1;1;1.10;0.63;56%;44%;17;13;3;3;10;7;4;3;12;23;14;2;3;1;28;22;2;2;20;12;-;-;1;0;373;275;287;206;107;93;49;29
São Paulo;Red Bull Bragantino;08.11.2023 20:00;1;0;2.07;0.55;57%;43%;13;11;5;4;4;4;4;3;26;9;9;5;0;2;17;13;4;4;10;23;-;-;2;2;488;343;410;261;106;125;31;55
América-MG;Coritiba;08.11.2023 19:00;0;3;0.41;0.94;53%;47%;11;9;4;5;6;2;1;2;8;9;8;4;0;1;23;11;2;4;16;13;-;-;0;1;560;384;487;315;138;83;70;28
Internacional;Fluminense;08.11.2023 19:00;0;0;0.92;0.44;43%;57%;18;8;4;4;10;4;4;0;16;17;5;3;4;0;19;17;4;4;13;16;-;-;2;2;399;592;327;539;87;103;60;27
Santos;Cuiabá;06.11.2023 21:00;0;0;0.08;0.40;56%;44%;6;5;3;0;2;5;1;0;6;11;4;4;0;1;32;30;0;3;13;7;-;-;1;2;541;342;427;257;128;86;62;39
Vasco;Botafogo;06.11.2023 19:00;1;0;0.38;0.38;45%;55%;7;12;3;1;2;4;2;7;17;23;4;4;2;2;26;17;1;2;23;13;-;-;2;4;345;486;259;399;94;133;39;46
Coritiba;Goiás;05.11.2023 18:30;0;1;0.29;1.60;48%;52%;8;22;2;8;5;8;1;6;23;15;5;9;0;1;19;18;7;2;16;22;-;-;3;3;410;424;328;361;108;110;50;39
Cruzeiro;Internacional;05.11.2023 16:00;1;2;0.15;0.23;54%;46%;19;7;5;3;11;4;3;0;9;11;8;1;2;0;28;17;1;4;9;9;-;-;2;1;552;340;469;270;156;65;71;28
Fortaleza;Flamengo;05.11.2023 16:00;0;2;0.76;0.68;50%;50%;19;6;4;4;12;1;3;1;12;12;4;3;5;0;17;15;2;4;9;11;-;-;1;3;527;436;448;370;125;99;58;33
Red Bull Bragantino;Corinthians;05.11.2023 16:00;1;0;1.63;0.49;56%;44%;21;8;6;2;12;5;3;1;12;12;10;6;0;0;18;35;2;5;14;12;-;-;1;2;407;314;328;231;128;92;77;35
Palmeiras;Athletico-PR;04.11.2023 21:30;1;0;1.36;0.38;48%;52%;18;12;6;2;7;8;5;2;18;18;2;2;2;1;20;29;2;5;17;17;-;-;3;4;411;429;325;343;89;119;42;40
América-MG;Atlético-MG;04.11.2023 19:30;1;1;1.51;1.11;43%;57%;12;13;4;6;5;6;3;1;20;10;0;4;0;2;18;20;5;3;11;19;1;1;3;3;365;578;285;503;109;138;36;48
Grêmio;Bahia;04.11.2023 19:30;1;0;0.49;1.02;46%;54%;6;17;3;5;1;8;2;4;11;6;5;4;1;0;19;17;5;2;9;17;-;-;2;4;361;456;271;369;124;114;41;39
São Paulo;Cruzeiro;02.11.2023 20:00;1;0;0.76;0.74;56%;44%;12;15;5;4;5;8;2;3;12;15;3;4;6;1;19;33;4;4;10;12;0;1;1;4;515;439;459;364;128;107;38;22
Goiás;Red Bull Bragantino;02.11.2023 18:00;0;2;1.20;2.61;40%;60%;18;22;4;7;9;10;5;5;18;25;10;7;5;1;19;18;5;4;18;19;-;-;3;3;287;382;195;305;74;108;46;61
Cuiabá;Vasco;02.11.2023 17:00;0;2;0.62;1.65;51%;49%;13;7;3;2;8;4;2;1;12;11;5;1;0;2;23;18;0;3;13;10;-;-;2;1;498;452;418;396;123;88;58;35
Atlético-MG;Fortaleza;01.11.2023 21:30;3;1;2.29;0.40;56%;44%;11;7;4;2;4;4;3;1;13;11;0;4;1;1;19;17;1;1;10;13;-;-;0;2;481;367;398;299;127;93;48;23
Botafogo;Palmeiras;01.11.2023 21:30;3;4;2.94;1.65;43%;57%;17;14;9;6;7;3;1;5;15;10;2;6;0;3;13;22;2;6;12;12;1;0;6;5;330;475;276;402;80;95;25;52
Coritiba;Grêmio;01.11.2023 20:00;1;2;1.30;1.72;50%;50%;13;19;2;4;8;10;3;5;6;9;6;11;0;0;16;22;2;1;11;6;1;0;3;2;410;435;319;333;119;115;42;62
Flamengo;Santos;01.11.2023 20:00;1;2;1.09;0.60;54%;46%;7;15;4;5;1;8;2;2;18;13;1;6;0;2;19;15;3;3;13;16;2;1;2;3;536;344;473;286;124;87;25;40
Corinthians;Athletico-PR;01.11.2023 19:00;1;0;0.92;0.59;46%;54%;12;19;4;3;5;10;3;6;13;6;1;7;2;3;17;18;3;3;4;11;-;-;1;2;448;544;377;451;92;118;33;57
Internacional;América-MG;01.11.2023 19:00;1;1;1.28;0.28;58%;42%;15;12;4;3;11;6;0;3;15;15;3;5;0;2;24;15;2;3;15;14;-;-;0;2;520;384;429;302;120;119;49;37
Bahia;Fluminense;31.10.2023 19:00;1;0;0.45;0.73;44%;56%;8;12;5;4;2;8;1;0;16;15;2;4;1;1;18;22;4;4;15;16;-;-;2;3;404;518;339;430;89;124;32;49
Botafogo;Cuiabá;29.10.2023 20:00;0;1;1.64;1.12;62%;38%;30;5;9;1;13;2;8;2;15;11;7;2;2;4;26;15;0;9;12;17;-;-;1;5;634;288;543;214;131;83;99;24
Corinthians;Santos;29.10.2023 18:30;1;1;1.44;1.14;56%;44%;15;8;6;3;9;3;0;2;12;21;10;3;3;1;30;18;2;5;22;14;-;-;6;2;456;294;363;215;111;100;49;43
Internacional;Coritiba;29.10.2023 18:30;3;4;2.59;2.49;55%;45%;18;12;10;7;6;4;2;1;17;11;5;1;0;1;23;15;3;7;13;18;1;0;7;5;449;285;371;229;101;75;54;24
Athletico-PR;São Paulo;29.10.2023 16:00;1;1;1.29;0.50;44%;56%;12;5;4;2;8;2;0;1;12;15;4;3;3;0;15;13;1;3;12;12;-;-;1;5;357;474;300;400;105;86;42;11
Goiás;Vasco;29.10.2023 16:00;1;1;0.99;0.98;46%;54%;17;4;5;2;5;2;7;0;11;17;7;2;0;1;35;18;1;4;17;12;0;1;2;5;354;426;270;364;85;86;59;44
Atlético-MG;Fluminense;28.10.2023 21:00;2;0;1.38;1.04;49%;51%;18;12;3;3;9;7;6;2;11;15;9;4;2;2;16;11;3;1;15;11;-;-;2;1;431;418;340;355;109;79;52;28
América-MG;Grêmio;28.10.2023 19:00;3;4;2.69;2.32;45%;55%;16;16;6;11;10;4;0;1;5;12;5;7;1;1;13;14;7;3;10;5;-;-;0;2;396;529;321;437;88;117;43;49
Palmeiras;Bahia;28.10.2023 19:00;1;0;1.84;0.23;60%;40%;22;5;9;1;10;4;3;0;17;21;6;1;5;0;27;22;1;8;15;17;0;1;1;4;553;305;485;231;149;79;63;42
Santos;Coritiba;26.10.2023 21:30;2;1;2.12;0.85;57%;43%;21;3;7;2;12;1;2;0;20;15;11;2;0;1;28;12;1;5;15;22;0;1;2;5;493;287;413;210;117;75;77;27
Vasco;Internacional;26.10.2023 19:00;1;2;1.01;1.48;51%;49%;14;8;6;5;7;1;1;2;13;17;7;1;1;3;13;10;3;5;17;14;2;0;5;4;490;437;426;385;118;100;62;26
Cuiabá;Corinthians;25.10.2023 21:30;0;1;0.66;1.82;52%;48%;17;9;3;5;10;4;4;0;14;13;6;5;2;0;17;13;4;3;11;13;-;-;1;3;476;502;390;432;128;91;68;34
Grêmio;Flamengo;25.10.2023 21:30;3;2;1.06;1.21;38%;62%;11;6;4;4;5;2;2;0;12;14;6;1;0;0;15;12;2;2;14;16;-;-;3;4;377;639;302;569;102;98;58;46
Cruzeiro;Bahia;25.10.2023 20:00;3;0;1.85;0.28;41%;59%;13;6;6;0;6;3;1;3;11;14;1;2;1;0;20;20;0;3;12;10;-;-;2;2;372;557;308;490;85;117;43;45
Palmeiras;São Paulo;25.10.2023 20:00;5;0;2.18;0.10;46%;54%;12;3;8;0;2;3;2;0;17;17;5;0;3;2;6;18;0;3;15;15;0;1;3;4;382;443;324;391;91;66;33;13
Athletico-PR;América-MG;25.10.2023 19:00;3;2;2.85;0.86;56%;44%;19;12;7;6;10;2;2;4;12;20;14;5;3;0;18;13;4;4;14;13;-;-;0;1;141;58;121;35;135;85;69;29
Fluminense;Goiás;25.10.2023 19:00;5;3;2.74;0.71;61%;39%;19;9;8;4;9;3;2;2;20;18;6;1;3;0;18;19;1;3;14;21;-;-;4;2;156;50;144;40;104;81;54;32
Red Bull Bragantino;Atlético-MG;25.10.2023 19:00;1;2;1.79;1.86;59%;41%;10;8;4;4;4;3;2;1;17;12;17;5;1;4;25;22;2;3;11;13;-;-;2;4;372;557;308;490;112;78;90;32
Corinthians;América-MG;22.10.2023 18:30;1;1;0.30;0.27;66%;34%;17;13;5;4;8;7;4;2;11;16;4;4;1;0;34;15;3;4;15;13;-;-;2;3;702;288;604;210;142;98;56;46
Coritiba;Palmeiras;22.10.2023 18:30;0;2;0.41;0.56;44%;56%;12;19;3;6;5;9;4;4;20;15;3;6;2;2;22;19;4;3;13;18;-;-;1;1;417;487;334;390;109;101;43;43
Red Bull Bragantino;Fluminense;22.10.2023 18:30;1;0;2.50;0.68;46%;54%;20;12;2;4;14;4;4;4;15;17;7;3;0;3;20;23;4;1;17;12;-;-;3;2;383;526;318;458;104;74;53;37
Atlético-MG;Cruzeiro;22.10.2023 16:00;0;1;0.69;0.94;54%;46%;9;11;1;4;7;5;1;2;13;19;1;7;0;3;17;26;3;1;24;15;-;-;3;3;427;361;363;274;95;97;31;46
Flamengo;Vasco;22.10.2023 16:00;1;0;0.47;0.88;49%;51%;10;12;4;7;4;4;2;1;16;10;7;8;1;1;11;22;7;3;10;15;-;-;1;2;400;476;336;386;98;112;40;46
Internacional;Santos;22.10.2023 16:00;7;1;1.53;0.57;50%;50%;13;8;7;3;3;5;3;0;10;19;3;6;2;0;18;15;2;0;18;9;-;-;1;1;416;423;366;351;87;96;23;30
Botafogo;Athletico-PR;22.10.2023 15:00;1;1;0.87;1.02;58%;42%;9;11;5;2;4;7;0;2;14;9;6;3;1;4;19;15;1;4;11;12;-;-;2;1;572;371;497;304;122;81;68;31
Bahia;Fortaleza;21.10.2023 18:30;2;0;1.22;0.47;48%;52%;15;10;3;5;9;4;3;1;17;20;7;2;0;5;15;17;5;1;23;13;-;-;6;4;368;373;298;310;95;96;35;36
Cuiabá;Goiás;21.10.2023 18:30;1;1;1.33;1.79;58%;42%;18;9;6;3;9;4;3;2;22;14;13;2;4;5;16;17;2;5;12;17;-;-;1;3;486;336;413;276;124;77;69;20
São Paulo;Grêmio;21.10.2023 18:30;3;0;2.98;0.10;59%;41%;20;3;7;2;9;0;4;1;21;22;6;3;1;2;17;11;2;4;23;17;-;-;1;3;478;323;406;236;113;79;56;28
Fluminense;Corinthians;19.10.2023 21:30;3;3;1.92;2.14;69%;31%;26;6;10;3;9;3;7;0;15;15;15;1;2;2;22;7;0;7;14;15;2;0;7;3;760;233;661;179;170;53;103;14
Santos;Red Bull Bragantino;19.10.2023 20:00;1;3;1.84;2.47;43%;57%;26;14;7;7;15;2;4;5;9;12;5;4;5;0;21;13;4;6;7;8;-;-;4;1;370;567;289;477;106;138;47;39
Cruzeiro;Flamengo;19.10.2023 19:00;0;2;0.31;1.86;44%;56%;10;8;4;2;4;6;2;0;15;23;9;3;3;1;15;21;0;4;19;11;-;-;3;2;390;529;312;451;103;105;52;28
Palmeiras;Atlético-MG;19.10.2023 19:00;0;2;0.69;0.89;54%;46%;11;12;4;3;5;6;2;3;17;18;7;2;0;0;15;9;1;4;17;19;-;-;6;3;502;405;406;315;122;91;76;27
Bahia;Internacional;18.10.2023 21:30;1;0;1.94;0.59;47%;53%;13;13;4;1;6;9;3;3;14;17;5;3;4;0;18;26;1;3;14;13;0;1;1;1;368;428;303;360;94;115;45;50
Goiás;São Paulo;18.10.2023 21:30;2;0;0.54;0.49;31%;69%;7;8;3;3;4;3;0;2;14;17;6;3;0;0;15;21;3;1;18;15;-;-;4;3;231;703;152;638;54;152;43;83
Vasco;Fortaleza;18.10.2023 21:30;1;0;1.92;0.78;50%;50%;16;13;6;5;8;8;2;0;8;7;6;6;1;1;25;18;5;5;7;9;-;-;3;2;389;438;317;367;122;98;42;49
América-MG;Botafogo;18.10.2023 20:00;1;2;3.07;0.47;46%;54%;24;6;8;2;15;3;1;1;14;10;12;1;4;0;19;26;0;7;5;15;-;-;1;1;394;446;308;375;106;115;68;43
Coritiba;Cuiabá;18.10.2023 20:00;0;3;1.29;0.46;57%;43%;17;8;3;6;10;1;4;1;13;15;4;4;2;2;40;29;3;3;14;11;-;-;0;2;539;339;446;247;142;105;65;24
Grêmio;Athletico-PR;18.10.2023 19:00;1;2;1.74;0.95;46%;54%;11;20;5;6;4;9;2;5;13;9;4;8;1;1;21;24;4;4;9;13;1;0;2;6;471;478;375;376;114;140;55;61
Cuiabá;Cruzeiro;14.10.2023 21:00;0;0;0.83;0.46;49%;51%;8;7;2;2;5;3;1;2;22;12;5;5;2;1;25;17;2;2;10;20;-;-;0;3;438;439;364;369;99;97;64;57
Athletico-PR;Red Bull Bragantino;08.10.2023 18:30;1;1;1.75;0.50;44%;56%;20;12;6;3;12;7;2;2;15;21;8;7;6;0;23;23;2;5;13;15;-;-;2;4;313;445;235;360;95;103;34;49
Atlético-MG;Coritiba;08.10.2023 18:30;1;2;0.72;0.74;59%;41%;12;10;4;6;5;3;3;1;8;14;2;5;1;1;25;16;4;3;12;7;-;-;2;2;593;390;516;308;133;100;68;31
Fortaleza;América-MG;08.10.2023 18:30;3;2;2.34;1.92;60%;40%;16;14;4;3;7;7;5;4;14;12;9;2;3;2;20;12;1;1;10;12;-;-;2;1;490;319;417;242;119;80;60;28
Fluminense;Botafogo;08.10.2023 16:00;0;2;-;-;60%;40%;19;11;5;5;10;6;4;0;11;18;3;2;3;0;24;17;3;5;15;14;-;-;2;2;628;326;546;254;137;65;65;36
Internacional;Grêmio;08.10.2023 16:00;3;2;2.62;0.38;49%;51%;16;7;7;2;8;0;1;5;12;20;4;1;5;3;19;28;0;4;15;9;-;-;6;4;357;420;296;340;97;97;32;55
Palmeiras;Santos;08.10.2023 16:00;1;2;0.89;0.43;68%;32%;24;11;7;10;13;1;4;0;12;14;6;2;7;1;27;16;8;6;7;11;-;-;2;3;547;230;481;166;143;68;48;34
Corinthians;Flamengo;07.10.2023 21:00;1;1;1.94;0.61;44%;56%;14;20;5;7;4;6;5;7;8;8;2;8;2;1;24;13;6;4;5;12;-;-;3;3;422;493;350;429;94;126;45;51
Vasco;São Paulo;07.10.2023 18:30;0;0;0.72;1.29;40%;60%;8;11;2;5;5;4;1;2;8;16;7;3;3;1;15;17;5;2;14;7;-;-;3;1;380;550;308;495;101;100;45;32
Goiás;Bahia;07.10.2023 16:00;4;6;2.37;1.80;59%;41%;20;10;7;8;9;2;4;0;7;9;6;4;2;1;36;13;2;3;8;6;-;-;2;2;524;283;437;215;139;54;72;16
Botafogo;Goiás;02.10.2023 20:00;1;1;0.94;0.52;56%;44%;15;8;6;3;6;4;3;1;17;17;8;3;1;2;24;24;2;5;18;16;-;-;4;4;513;355;415;266;126;112;62;30
Red Bull Bragantino;Palmeiras;01.10.2023 18:30;2;1;3.44;1.47;62%;38%;22;9;8;3;10;6;4;0;22;14;6;4;0;3;25;29;2;6;14;19;-;-;4;2;566;285;475;194;137;56;69;31
Coritiba;Athletico-PR;01.10.2023 16:00;2;0;0.60;0.47;44%;56%;6;11;3;6;3;2;0;3;15;23;2;11;3;2;16;43;6;1;20;13;-;-;2;4;274;481;208;394;81;106;24;43
Cruzeiro;América-MG;01.10.2023 16:00;1;1;0.74;0.86;57%;43%;16;17;2;7;10;8;4;2;10;16;9;7;2;1;12;17;6;1;15;10;1;0;3;3;540;356;459;271;118;90;67;47
Santos;Vasco;01.10.2023 16:00;4;1;2.50;0.83;42%;58%;13;11;5;4;3;6;5;1;13;23;5;11;4;2;12;22;3;1;19;11;2;1;5;1;300;547;240;470;73;115;52;54
Internacional;Atlético-MG;30.09.2023 21:00;0;2;0.71;1.67;58%;42%;14;9;4;5;6;4;4;0;11;19;4;4;0;1;23;16;3;4;17;11;1;0;1;1;597;329;519;257;144;74;51;23
Cuiabá;Fluminense;30.09.2023 18:30;3;0;1.13;0.25;59%;41%;17;7;6;2;8;2;3;3;14;19;7;0;2;3;11;11;2;3;18;12;0;1;3;4;576;379;507;334;116;64;60;17
São Paulo;Corinthians;30.09.2023 18:30;2;1;2.03;0.18;53%;47%;19;6;7;2;7;2;5;2;15;16;11;4;2;1;18;12;1;5;14;14;-;-;5;2;502;413;442;351;119;80;52;28
Flamengo;Bahia;30.09.2023 16:00;1;0;1.27;0.53;64%;36%;15;6;5;4;6;2;4;0;15;12;12;2;1;3;13;20;4;4;11;12;0;1;1;2;552;291;475;227;128;80;86;28
Fortaleza;Grêmio;30.09.2023 16:00;1;1;1.78;1.66;52%;48%;17;14;6;4;9;8;2;2;8;8;3;7;1;1;14;14;3;5;9;11;-;-;1;2;506;441;440;379;122;115;45;48
São Paulo;Coritiba;27.09.2023 19:00;2;1;1.32;0.74;62%;38%;17;7;8;2;5;2;4;3;12;13;4;3;2;0;32;24;1;6;12;12;-;-;2;3;602;337;524;259;138;67;65;36
América-MG;Vasco;25.09.2023 20:00;0;1;1.46;0.60;39%;61%;17;15;8;3;7;7;2;5;17;17;3;8;1;2;16;24;2;8;16;15;2;0;2;2;305;608;235;511;105;122;38;76
Atlético-MG;Cuiabá;23.09.2023 21:00;1;0;0.58;0.38;60%;40%;7;7;3;3;4;3;0;1;14;14;6;3;3;1;12;10;3;2;15;14;-;-;3;3;566;318;493;251;136;75;55;33
Corinthians;Botafogo;22.09.2023 20:00;1;0;1.42;0.36;63%;37%;18;9;5;2;12;5;1;2;9;19;6;1;2;1;21;14;2;4;18;8;0;1;4;4;664;354;598;283;147;91;59;35
Grêmio;Palmeiras;21.09.2023 21:30;1;0;-;-;38%;62%;7;16;2;3;4;9;1;4;13;15;2;11;1;3;19;27;3;1;15;14;1;0;5;3;257;456;182;374;77;124;25;62
Athletico-PR;Internacional;21.09.2023 19:30;2;1;0.70;0.50;44%;56%;14;12;6;4;8;6;0;2;17;14;7;5;1;1;27;21;3;4;12;17;-;-;3;5;339;471;268;400;103;98;28;32
Vasco;Coritiba;21.09.2023 19:00;5;1;4.16;0.54;51%;49%;19;7;12;3;3;2;4;2;17;11;4;0;1;2;28;11;2;7;10;15;-;-;1;3;496;400;422;356;94;93;51;31
Fluminense;Cruzeiro;20.09.2023 21:30;1;0;0.53;0.59;58%;42%;11;7;4;3;7;3;0;1;17;9;7;3;3;2;19;20;3;3;6;15;-;-;6;1;584;409;514;327;129;78;45;31
São Paulo;Fortaleza;20.09.2023 21:30;1;2;1.61;1.19;64%;36%;13;8;7;4;4;3;2;1;13;16;9;0;0;0;20;18;2;6;20;13;-;-;3;6;718;242;609;182;166;59;70;16
Goiás;Flamengo;20.09.2023 19:00;0;0;0.11;0.49;37%;63%;7;10;1;2;5;3;1;5;14;15;3;2;3;1;23;27;2;1;15;14;-;-;1;3;321;617;241;531;87;140;33;48
América-MG;Red Bull Bragantino;19.09.2023 21:30;0;2;1.18;1.88;41%;59%;6;20;2;6;2;8;2;6;19;8;2;14;0;2;26;26;4;2;7;16;-;-;1;2;304;496;208;399;76;152;28;86
Corinthians;Grêmio;18.09.2023 21:00;4;4;2.28;0.88;54%;46%;18;16;8;7;7;7;3;2;10;18;6;4;1;1;19;14;3;4;17;9;-;-;1;1;524;461;456;392;84;109;47;38
Bahia;Santos;18.09.2023 20:00;1;2;0.93;3.11;59%;41%;17;15;5;8;10;6;2;1;16;15;6;8;2;2;27;13;6;4;13;13;-;-;1;2;563;326;484;257;122;78;50;34
Atlético-MG;Botafogo;16.09.2023 21:00;1;0;1.62;0.14;46%;54%;12;6;5;0;5;2;2;4;14;18;5;3;4;1;12;11;0;4;15;12;-;-;2;1;373;530;313;461;90;113;27;33
Vasco;Fluminense;16.09.2023 16:00;4;2;1.61;2.29;37%;63%;8;19;4;8;3;7;1;4;8;13;4;11;0;1;12;18;6;0;12;7;-;-;4;1;256;635;205;559;55;145;31;111
Palmeiras;Goiás;15.09.2023 21:30;1;0;1.20;0.48;59%;41%;17;6;6;2;7;3;4;1;24;13;6;3;2;5;27;17;2;5;12;19;0;1;3;3;606;316;492;230;157;70;65;19
Cuiabá;América-MG;15.09.2023 20:00;2;2;1.38;0.34;56%;44%;20;8;9;3;4;3;7;2;16;12;9;1;3;1;12;23;1;7;11;17;0;1;1;4;565;327;482;234;140;97;63;29
Red Bull Bragantino;Grêmio;14.09.2023 21:30;2;0;1.23;1.51;57%;43%;14;12;4;4;8;4;2;4;17;23;5;1;3;1;19;20;4;2;21;16;-;-;4;2;538;382;452;302;150;83;63;34
Coritiba;Bahia;14.09.2023 20:00;2;4;1.13;4.36;53%;47%;14;14;6;9;8;4;0;1;16;18;7;2;5;1;21;19;5;4;14;17;-;-;3;1;456;357;388;271;127;72;40;24
Fortaleza;Corinthians;14.09.2023 19:00;2;1;3.01;0.53;53%;47%;21;5;6;2;9;3;6;0;17;13;6;3;0;1;18;14;1;4;14;16;-;-;1;2;486;427;413;367;134;71;59;38
Santos;Cruzeiro;14.09.2023 19:00;0;3;0.43;1.28;52%;48%;12;14;2;7;9;5;1;2;14;9;8;9;1;1;16;27;4;2;9;13;-;-;3;2;451;377;361;290;106;96;77;41
Flamengo;Athletico-PR;13.09.2023 21:30;0;3;0.54;2.37;56%;44%;13;15;5;9;3;3;5;3;19;13;8;2;4;0;22;22;6;5;11;19;1;0;2;2;538;378;463;295;127;72;45;24
Internacional;São Paulo;13.09.2023 21:30;2;1;1.25;1.33;43%;57%;12;10;5;2;3;6;4;2;14;16;4;7;0;0;14;15;1;3;17;14;-;-;5;4;431;581;362;505;114;113;45;45
América-MG;Santos;03.09.2023 18:30;2;0;1.27;0.87;40%;60%;12;10;7;2;5;7;0;1;17;17;3;5;4;2;18;18;2;5;14;16;0;1;1;4;375;618;293;531;118;125;40;64
Bahia;Vasco;03.09.2023 18:30;1;1;1.66;1.22;50%;50%;10;5;3;1;5;3;2;1;18;20;6;0;2;2;16;18;0;2;20;17;0;1;2;3;458;434;371;343;141;96;41;29
Cruzeiro;Red Bull Bragantino;03.09.2023 18:30;0;0;1.13;1.18;50%;50%;14;12;4;5;8;4;2;3;17;19;8;5;4;3;37;25;5;4;16;15;-;-;1;5;373;331;269;248;72;116;62;35
Corinthians;Palmeiras;03.09.2023 16:00;0;0;0.57;0.59;45%;55%;6;18;2;4;4;7;0;7;18;15;2;11;2;1;15;22;4;2;13;17;1;1;1;4;400;516;348;439;84;131;28;70
Fluminense;Fortaleza;03.09.2023 16:00;1;0;0.60;0.70;61%;39%;13;19;5;5;4;10;4;4;18;16;5;7;4;2;16;10;5;4;13;16;-;-;4;3;555;325;483;247;111;98;45;31
Grêmio;Cuiabá;03.09.2023 11:00;2;0;0.72;1.11;43%;57%;10;16;5;3;4;7;1;6;16;21;2;9;3;0;24;12;3;3;18;16;-;-;2;1;418;554;351;482;81;130;33;51
Botafogo;Flamengo;02.09.2023 21:00;1;2;1.05;0.85;44%;56%;17;12;7;4;7;4;3;4;10;15;12;6;1;2;17;17;2;6;14;8;-;-;2;3;461;498;373;428;116;105;53;39
Athletico-PR;Atlético-MG;02.09.2023 16:00;1;1;1.45;0.30;52%;48%;22;9;7;7;12;2;3;0;13;15;12;7;1;1;14;5;6;6;13;13;1;0;3;3;459;406;386;325;127;93;61;43
Goiás;Internacional;02.09.2023 16:00;0;0;0.98;1.02;39%;61%;9;11;2;2;6;6;1;3;15;14;5;5;3;2;17;12;2;2;15;13;2;1;3;3;342;596;256;524;105;117;37;25
Grêmio;Cruzeiro;27.08.2023 19:00;3;0;1.44;0.81;42%;58%;8;6;4;1;3;5;1;0;19;16;6;5;5;0;11;23;1;1;12;19;-;-;4;3;310;475;245;385;94;118;36;53
Athletico-PR;Fluminense;27.08.2023 18:30;2;2;0.93;2.96;35%;65%;10;21;4;8;5;7;1;6;14;7;2;8;1;4;14;21;6;2;9;15;1;0;3;3;239;594;165;523;59;122;19;79
Fortaleza;Coritiba;27.08.2023 18:30;3;1;2.31;0.95;53%;47%;12;9;7;2;2;4;3;3;21;23;2;3;1;0;26;26;1;4;21;21;-;-;3;6;454;358;377;290;120;90;38;26
Palmeiras;Vasco;27.08.2023 18:30;1;0;0.85;0.14;55%;45%;15;4;7;2;7;2;1;0;16;21;9;2;2;1;14;20;2;6;20;14;-;-;2;2;547;453;476;382;133;104;60;31
América-MG;São Paulo;27.08.2023 16:00;2;1;1.32;1.37;28%;72%;9;13;4;5;3;3;2;5;9;22;4;6;2;0;13;21;4;2;20;9;1;1;5;1;221;653;150;562;86;145;36;58
Atlético-MG;Santos;27.08.2023 16:00;2;0;1.02;0.54;54%;46%;15;13;7;0;6;10;2;3;13;24;5;2;2;1;18;13;0;5;22;12;-;-;5;2;511;391;455;340;88;67;54;29
Botafogo;Bahia;27.08.2023 16:00;3;0;0.48;0.64;44%;56%;10;17;5;6;4;8;1;3;12;15;4;7;1;3;22;28;6;2;14;10;-;-;2;3;374;489;299;406;90;144;32;51
Red Bull Bragantino;Cuiabá;27.08.2023 11:00;2;0;1.20;0.49;58%;42%;10;6;4;3;4;2;2;1;13;20;10;2;1;0;29;31;3;2;21;14;-;-;4;3;550;288;440;187;136;82;86;22
Corinthians;Goiás;26.08.2023 21:00;1;1;1.00;1.79;60%;40%;18;16;7;4;3;10;8;2;15;15;7;6;0;0;25;16;3;6;15;15;-;-;3;1;662;379;583;303;122;92;79;39
Flamengo;Internacional;26.08.2023 18:30;0;0;0.45;0.22;56%;44%;9;4;5;1;4;2;0;1;23;13;6;3;2;3;20;19;1;5;13;20;-;-;2;4;534;386;454;313;124;87;53;25
Goiás;Athletico-PR;21.08.2023 20:00;1;1;0.93;0.99;47%;53%;13;13;3;5;8;7;2;1;19;17;4;7;2;2;34;17;4;2;15;16;-;-;2;4;368;428;283;355;86;106;42;40
Bahia;Red Bull Bragantino;20.08.2023 16:00;4;0;1.63;0.62;50%;50%;12;11;5;7;6;2;1;2;23;11;4;7;1;5;18;28;7;1;11;18;-;-;2;5;362;359;264;280;105;125;28;49
Coritiba;Flamengo;20.08.2023 16:00;2;3;2.34;1.98;43%;57%;15;16;4;5;8;10;3;1;8;11;4;5;2;0;16;22;2;2;9;8;-;-;3;3;326;498;248;433;89;104;39;45
Santos;Grêmio;20.08.2023 16:00;2;1;1.93;0.42;56%;44%;19;9;6;4;9;2;4;3;22;16;9;4;0;2;19;22;3;4;16;21;0;1;6;6;428;320;351;256;102;92;63;36
Vasco;Atlético-MG;20.08.2023 11:00;1;0;1.90;0.55;43%;57%;16;10;3;5;10;4;3;1;14;21;3;7;1;0;24;25;5;2;20;14;-;-;6;3;353;510;282;434;96;128;43;45
Cruzeiro;Corinthians;19.08.2023 21:00;1;1;1.92;0.65;43%;57%;18;5;7;2;8;3;3;0;13;18;10;3;1;1;11;27;1;6;17;13;-;-;3;3;409;527;344;448;100;119;47;44
Cuiabá;Palmeiras;19.08.2023 18:30;0;2;-;-;50%;50%;13;17;2;5;6;7;5;5;19;19;9;2;2;1;27;12;3;2;17;18;-;-;2;6;432;384;337;323;107;82;65;43
Fluminense;América-MG;19.08.2023 18:30;3;1;-;-;68%;32%;17;13;6;3;8;7;3;3;11;9;7;1;3;0;15;15;2;3;7;11;-;-;1;1;703;261;612;201;138;65;61;27
Internacional;Fortaleza;19.08.2023 16:00;0;1;0.80;1.19;69%;31%;17;7;4;3;11;3;2;1;13;13;10;7;1;1;18;19;2;4;12;12;-;-;4;5;706;231;607;146;150;69;59;34
São Paulo;Botafogo;19.08.2023 16:00;0;0;0.65;0.62;60%;40%;12;10;4;1;7;6;1;3;7;18;5;2;7;0;17;21;1;4;12;9;-;-;3;2;586;339;498;261;94;107;40;39
Athletico-PR;Cuiabá;15.08.2023 20:00;2;0;0.82;1.12;55%;45%;12;12;6;1;4;9;2;2;12;21;5;3;1;1;15;14;1;4;22;12;-;-;5;3;432;329;363;270;93;105;41;34
Red Bull Bragantino;Vasco;14.08.2023 21:00;1;1;1.49;1.39;60%;40%;22;8;7;4;8;2;7;2;17;11;7;6;0;4;22;22;3;6;11;17;-;-;3;5;498;267;413;187;148;76;75;31
Palmeiras;Cruzeiro;14.08.2023 19:00;1;0;1.15;0.63;54%;46%;11;11;4;4;5;5;2;2;26;15;3;5;1;1;23;18;4;3;13;26;-;-;2;3;464;395;376;319;105;115;40;27
Flamengo;São Paulo;13.08.2023 18:30;1;1;1.49;0.83;47%;53%;17;7;4;1;9;3;4;3;17;15;8;2;3;5;21;13;0;3;13;14;-;-;2;6;590;494;519;430;129;99;83;25
Fortaleza;Santos;13.08.2023 18:30;4;0;2.87;0.53;53%;47%;25;8;10;3;12;3;3;2;21;17;10;6;1;3;19;19;3;6;19;20;-;-;2;1;399;308;323;240;96;74;56;33
América-MG;Goiás;13.08.2023 16:00;0;1;0.78;0.28;65%;35%;14;9;2;3;6;6;6;0;11;14;7;3;2;0;17;12;2;2;12;12;1;0;0;1;674;308;586;237;163;78;78;32
Corinthians;Coritiba;13.08.2023 16:00;3;1;2.52;0.92;58%;42%;15;11;9;4;6;4;0;3;13;18;4;2;2;0;16;20;3;6;17;13;-;-;2;2;569;438;501;355;105;91;41;32
Grêmio;Fluminense;13.08.2023 16:00;2;1;1.17;0.85;34%;66%;11;18;5;7;5;9;1;2;10;14;3;8;3;2;14;27;6;3;11;7;-;-;3;4;309;729;238;649;74;127;35;58
Atlético-MG;Bahia;13.08.2023 11:00;1;0;0.97;0.79;43%;57%;10;13;4;5;6;4;0;4;13;18;2;9;4;1;29;24;5;3;15;12;0;1;2;1;296;505;243;419;61;120;30;68
Botafogo;Internacional;12.08.2023 21:00;3;1;2.38;1.21;53%;47%;16;9;10;4;5;5;1;0;13;13;7;3;0;4;19;15;3;7;15;10;-;-;3;3;510;475;418;390;124;105;52;21
Cuiabá;Flamengo;06.08.2023 20:00;3;0;2.15;0.76;42%;58%;16;9;7;4;7;2;2;3;9;10;10;6;1;0;17;20;4;4;9;9;-;-;2;0;330;539;264;474;70;122;46;87
Bahia;América-MG;06.08.2023 18:30;3;1;1.49;0.62;61%;39%;23;6;7;5;13;1;3;0;20;13;7;2;2;3;18;12;4;4;20;19;0;1;4;5;491;260;417;187;119;73;62;20
Coritiba;Red Bull Bragantino;06.08.2023 18:30;0;1;0.40;1.07;50%;50%;9;12;1;2;6;8;2;2;20;22;3;4;2;0;38;42;1;1;21;22;-;-;3;5;389;357;300;261;89;102;53;48
Cruzeiro;Botafogo;06.08.2023 18:30;0;0;1.06;0.07;59%;41%;11;2;4;1;5;1;2;0;6;17;8;1;1;1;30;18;1;4;16;7;-;-;1;2;606;270;515;203;153;61;54;12
São Paulo;Atlético-MG;06.08.2023 16:00;0;2;0.94;2.06;62%;38%;16;8;2;2;10;6;4;0;16;20;8;3;6;1;27;12;0;2;15;17;-;-;6;5;620;290;546;220;152;65;79;23
Vasco;Grêmio;06.08.2023 16:00;1;0;1.60;1.34;51%;49%;10;11;4;4;6;3;0;4;18;18;5;7;1;2;17;31;4;3;19;17;-;-;1;1;486;430;408;340;115;123;38;66
Fluminense;Palmeiras;05.08.2023 21:00;2;1;2.49;0.91;49%;51%;10;16;5;5;3;6;2;5;23;21;0;8;3;3;16;14;4;3;18;21;1;0;6;2;428;382;364;294;53;106;19;63
Goiás;Fortaleza;05.08.2023 18:30;1;0;0.93;0.71;38%;62%;10;10;4;4;4;2;2;4;10;18;5;2;2;0;22;24;4;3;15;10;-;-;1;3;354;592;276;521;84;133;47;65
Internacional;Corinthians;05.08.2023 18:30;2;2;1.54;1.03;55%;45%;14;9;4;3;5;6;5;0;11;15;1;4;0;2;21;20;1;2;17;7;1;0;5;3;574;466;494;401;137;93;52;32
Santos;Athletico-PR;05.08.2023 16:00;1;1;-;-;60%;40%;6;3;2;2;2;1;2;0;30;16;3;3;2;2;15;13;1;1;19;26;-;-;3;2;598;316;514;256;116;80;57;22
Goiás;Grêmio;30.07.2023 18:30;1;1;0.80;0.29;45%;55%;14;8;2;2;8;1;4;5;11;20;6;5;2;1;21;19;1;1;20;11;-;-;4;2;394;535;327;455;105;101;46;44
América-MG;Palmeiras;30.07.2023 16:00;1;4;1.29;0.84;48%;52%;13;13;7;7;4;1;2;5;20;13;5;4;1;7;19;12;3;6;13;12;-;-;2;1;409;449;331;364;123;97;59;37
Botafogo;Coritiba;30.07.2023 16:00;4;1;1.02;1.17;53%;47%;14;9;7;5;5;4;2;0;12;14;7;3;0;1;13;16;4;3;14;12;-;-;1;3;531;427;462;367;117;94;51;28
São Paulo;Bahia;30.07.2023 11:00;0;0;1.82;0.57;60%;40%;15;11;10;2;3;9;2;0;15;22;10;5;6;0;34;12;2;10;13;14;-;-;0;4;-;-;-;-;157;98;69;22
Atlético-MG;Flamengo;29.07.2023 21:00;1;2;0.91;1.89;41%;59%;21;6;6;5;8;1;7;0;13;22;7;2;1;0;18;16;3;5;21;14;-;-;3;5;383;564;310;502;45;70;9;23
Corinthians;Vasco;29.07.2023 18:30;3;1;1.15;1.45;54%;46%;13;22;7;5;3;13;3;4;12;13;0;6;0;0;14;19;4;4;12;11;-;-;2;0;649;518;584;456;108;114;48;55
Fortaleza;Red Bull Bragantino;29.07.2023 18:30;0;3;0.90;2.57;49%;51%;11;21;2;11;4;6;5;4;22;21;2;9;5;1;25;18;8;2;16;24;-;-;2;3;364;436;288;344;127;115;36;54
Athletico-PR;Cruzeiro;29.07.2023 16:00;3;3;3.33;2.03;49%;51%;13;10;6;5;6;5;1;0;24;17;7;5;1;1;26;24;2;3;15;22;-;-;1;4;393;374;318;292;80;93;32;56
Fluminense;Santos;29.07.2023 16:00;1;0;1.85;0.17;65%;35%;14;4;8;0;4;4;2;0;17;19;6;2;0;0;24;15;0;7;18;19;-;-;6;6;588;234;517;185;133;45;71;19
Internacional;Cuiabá;29.07.2023 16:00;1;2;1.16;0.87;67%;33%;15;11;4;5;5;4;6;2;10;16;7;5;2;1;23;12;3;3;14;11;1;0;5;2;732;342;651;256;133;100;65;28
Coritiba;Fluminense;24.07.2023 19:00;2;0;1.83;1.11;32%;68%;8;15;5;4;3;8;0;3;7;15;7;11;0;1;24;34;4;3;16;6;-;-;2;1;244;660;176;581;48;159;32;93
Vasco;Athletico-PR;23.07.2023 18:30;0;2;1.26;1.46;54%;46%;16;10;2;2;12;6;2;2;21;17;8;2;2;1;26;14;1;2;18;21;0;1;2;3;479;351;402;288;114;67;66;33
Cruzeiro;Goiás;23.07.2023 16:00;0;1;0.96;0.28;60%;40%;14;6;1;2;8;3;5;1;24;12;13;1;2;2;30;27;1;1;8;22;-;-;4;5;601;291;499;221;138;100;92;39
Red Bull Bragantino;Internacional;23.07.2023 16:00;0;0;1.01;0.83;53%;47%;17;10;4;4;11;3;2;3;17;15;13;4;0;3;21;23;4;4;15;14;-;-;3;2;435;366;326;285;120;102;62;32
Santos;Botafogo;23.07.2023 16:00;2;2;0.76;0.81;42%;58%;6;18;2;7;2;10;2;1;19;23;2;8;1;0;18;24;5;0;23;20;-;-;3;3;290;533;215;447;77;118;31;44
Grêmio;Atlético-MG;22.07.2023 21:00;1;0;0.71;0.87;38%;62%;6;15;2;4;2;8;2;3;16;8;3;8;1;1;20;24;4;1;7;17;-;-;3;4;352;603;260;513;111;142;34;62
Bahia;Corinthians;22.07.2023 18:30;0;0;1.33;0.12;56%;44%;16;5;5;1;8;2;3;2;25;14;11;5;2;4;28;25;1;5;13;20;-;-;3;2;505;373;424;287;149;91;77;27
Cuiabá;São Paulo;22.07.2023 18:30;2;1;2.35;0.33;30%;70%;12;9;6;3;5;5;1;1;17;13;2;4;2;0;15;19;2;4;9;15;-;-;2;5;225;560;171;498;72;109;29;39
Flamengo;América-MG;22.07.2023 16:00;1;1;-;-;62%;38%;14;16;6;4;5;7;3;5;15;12;12;7;4;4;24;14;3;5;8;13;-;-;2;4;613;326;521;248;80;70;56;38
Palmeiras;Fortaleza;22.07.2023 16:00;3;1;-;-;57%;43%;13;12;5;6;7;3;1;3;28;16;4;4;1;1;19;21;5;2;16;28;-;-;3;6;441;266;375;189;79;67;38;30
Goiás;Atlético-MG;17.07.2023 20:00;0;0;1.79;0.26;42%;58%;15;7;3;1;6;2;6;4;14;15;6;4;0;0;21;26;1;3;16;14;0;1;5;4;325;537;257;451;102;106;47;38
Athletico-PR;Bahia;16.07.2023 18:30;2;0;-;-;52%;48%;15;8;7;6;6;2;2;0;10;19;5;3;5;0;20;23;6;5;14;9;-;-;2;1;512;476;439;395;97;96;43;35
Internacional;Palmeiras;16.07.2023 18:30;0;0;-;-;50%;50%;9;15;4;5;4;7;1;3;14;19;4;7;0;2;24;16;5;4;18;13;-;-;1;3;410;434;340;365;90;163;51;48
Fluminense;Flamengo;16.07.2023 16:00;0;0;0.87;0.35;52%;48%;15;8;8;3;4;3;3;2;19;26;8;1;1;1;15;16;3;8;25;20;0;1;7;5;471;360;396;306;102;93;53;51
Fortaleza;Cuiabá;16.07.2023 16:00;0;1;0.83;0.67;63%;37%;20;8;6;1;9;6;5;1;16;19;10;0;1;2;40;23;0;6;17;17;-;-;5;4;518;216;435;162;136;76;70;27
São Paulo;Santos;16.07.2023 16:00;4;1;3.91;0.41;59%;41%;23;8;7;3;11;4;5;1;16;20;4;3;2;2;15;24;2;3;20;15;-;-;3;5;478;275;421;201;101;85;41;32
Cruzeiro;Coritiba;16.07.2023 11:00;0;0;0.81;0.99;53%;47%;11;15;2;6;8;7;1;2;16;15;11;8;1;5;21;24;6;2;14;11;-;-;1;4;445;344;359;264;100;105;46;49
Botafogo;Red Bull Bragantino;15.07.2023 21:00;2;0;0.96;1.04;43%;57%;9;16;3;8;6;5;0;3;13;17;4;11;1;3;23;29;8;1;15;11;-;-;1;1;313;558;225;446;78;153;28;52
Fortaleza;Athletico-PR;09.07.2023 18:30;1;0;1.51;1.10;52%;48%;19;10;6;2;10;6;3;2;18;14;7;2;6;0;24;17;2;5;10;18;-;-;3;3;431;381;353;324;104;102;66;27
Grêmio;Botafogo;09.07.2023 18:30;0;2;1.98;1.17;48%;52%;22;15;4;6;15;6;3;3;15;8;10;2;1;1;31;10;4;4;7;13;-;-;2;5;521;448;427;381;130;114;66;33
Fluminense;Internacional;09.07.2023 16:00;2;0;1.06;0.44;55%;45%;13;9;6;0;2;5;5;4;17;20;7;4;3;0;19;21;0;4;18;16;-;-;2;3;520;404;442;327;119;79;49;49
Red Bull Bragantino;São Paulo;09.07.2023 16:00;0;0;1.55;0.46;53%;47%;23;4;4;1;12;3;7;0;9;16;6;4;0;0;22;25;1;4;15;9;-;-;2;2;427;327;337;229;126;72;68;28
Santos;Goiás;09.07.2023 11:00;4;3;2.40;2.11;38%;62%;14;11;7;4;4;4;3;3;22;17;8;13;1;4;16;20;1;3;16;18;1;1;6;2;301;574;214;499;65;127;42;58
Palmeiras;Flamengo;08.07.2023 21:00;1;1;1.01;0.94;42%;58%;13;10;3;4;7;5;3;1;18;18;4;7;5;3;21;20;3;2;13;16;-;-;2;3;407;541;338;471;89;125;42;55
Atlético-MG;Corinthians;08.07.2023 18:30;0;1;1.54;0.75;55%;45%;25;8;6;2;8;2;11;4;7;15;10;2;0;0;18;16;1;6;15;7;-;-;3;2;565;398;475;322;144;98;59;28
Coritiba;América-MG;08.07.2023 18:30;3;1;1.58;0.93;44%;56%;13;16;7;3;3;9;3;4;21;17;7;8;2;0;26;29;2;4;16;19;-;-;5;3;312;435;222;348;81;135;29;57
Cuiabá;Bahia;08.07.2023 16:00;1;1;1.47;0.32;43%;57%;8;6;6;3;2;3;0;0;12;22;5;5;9;0;18;17;2;5;12;11;-;-;2;3;370;500;296;425;105;109;37;41
Vasco;Cruzeiro;08.07.2023 16:00;0;1;1.24;0.48;54%;46%;9;7;1;5;6;2;2;0;16;7;4;6;3;1;30;23;4;1;7;18;-;-;2;3;489;360;401;274;118;99;63;33
Goiás;Coritiba;03.07.2023 20:00;1;2;1.73;0.83;59%;41%;17;13;8;8;6;3;3;2;23;23;7;2;1;1;26;24;6;7;20;24;-;-;5;8;513;272;421;199;153;94;69;35
Cuiabá;Santos;02.07.2023 18:30;3;0;1.36;0.29;49%;51%;14;5;6;2;5;1;3;2;17;8;9;5;1;1;26;36;2;3;7;16;-;-;0;2;369;412;280;330;109;77;46;32
Athletico-PR;Palmeiras;02.07.2023 16:00;2;2;4.10;1.41;53%;47%;27;11;6;5;18;4;3;2;12;20;7;2;1;4;18;12;3;4;19;8;0;1;4;2;455;364;378;291;119;111;52;29
Atlético-MG;América-MG;02.07.2023 16:00;2;2;1.16;3.24;49%;51%;12;22;5;6;2;11;5;5;23;16;4;7;1;3;13;16;4;3;16;19;1;0;3;2;364;441;288;357;75;130;29;54
Botafogo;Vasco;02.07.2023 16:00;2;0;1.46;0.85;56%;44%;16;10;6;4;5;5;5;1;13;10;4;8;0;1;19;21;4;4;10;14;-;-;2;5;484;351;407;274;129;85;60;39
Corinthians;Red Bull Bragantino;02.07.2023 11:00;0;1;0.52;0.88;42%;58%;12;10;4;5;4;5;4;0;18;20;4;2;5;1;33;21;4;4;15;17;-;-;3;2;405;552;304;447;99;153;35;57
Internacional;Cruzeiro;01.07.2023 21:00;0;0;1.72;0.65;50%;50%;14;9;3;3;9;6;2;0;14;13;2;4;1;1;20;19;3;3;12;15;0;1;6;4;540;461;464;392;108;109;72;39
Bahia;Grêmio;01.07.2023 18:30;1;2;1.30;2.21;50%;50%;17;12;5;6;10;5;2;1;17;20;7;2;0;6;16;25;4;4;21;11;-;-;3;2;425;470;340;390;123;119;41;38
Flamengo;Fortaleza;01.07.2023 18:30;2;0;1.34;1.49;50%;50%;10;15;4;6;4;6;2;3;12;13;5;4;1;2;16;29;6;2;12;14;-;-;2;0;554;357;476;293;133;98;50;43
São Paulo;Fluminense;01.07.2023 16:00;1;0;0.87;0.12;50%;50%;20;4;4;2;10;1;6;1;8;17;13;2;2;1;20;24;2;3;16;7;0;1;2;2;496;423;427;355;128;91;63;18
Vasco;Cuiabá;26.06.2023 21:00;1;0;1.92;0.46;48%;52%;8;12;2;3;4;5;2;4;17;20;4;6;3;5;22;17;3;1;18;13;-;-;5;3;383;446;317;361;99;126;51;41
América-MG;Internacional;25.06.2023 18:30;1;2;1.32;1.15;41%;59%;12;7;4;2;4;2;4;3;7;23;3;2;0;1;15;16;0;3;25;6;-;-;2;1;338;539;247;453;93;121;71;43
Red Bull Bragantino;Goiás;25.06.2023 18:30;2;0;1.72;0.20;58%;42%;20;4;6;0;10;2;4;2;29;18;10;4;0;6;23;25;0;4;17;24;-;-;2;2;487;307;404;236;116;73;60;20
Santos;Flamengo;25.06.2023 18:30;2;3;1.64;0.95;38%;62%;12;10;5;4;5;3;2;3;12;15;2;7;1;1;10;24;2;3;14;11;-;-;2;1;346;722;291;635;75;175;20;89
Grêmio;Coritiba;25.06.2023 16:00;5;1;3.36;1.23;48%;52%;18;16;9;7;7;7;2;2;20;13;8;5;2;4;21;20;6;4;10;16;0;1;2;4;377;379;298;307;96;116;47;33
Palmeiras;Botafogo;25.06.2023 16:00;0;1;2.70;0.71;56%;44%;12;5;5;2;4;3;3;0;13;20;12;1;4;1;29;16;1;5;17;12;-;-;0;3;539;291;437;212;140;72;80;24
Cruzeiro;São Paulo;24.06.2023 21:00;1;0;0.96;0.94;36%;64%;6;13;0;7;5;3;1;3;23;15;6;5;1;8;15;21;7;0;14;15;-;-;1;3;271;651;195;579;78;129;52;68
Fluminense;Bahia;24.06.2023 18:30;2;1;2.57;1.13;51%;49%;17;13;10;3;7;9;0;1;9;12;9;10;2;0;19;17;2;8;9;11;1;0;1;0;457;479;384;398;120;97;43;53
Fortaleza;Atlético-MG;24.06.2023 18:30;2;1;0.72;1.02;43%;57%;10;17;3;4;2;11;5;2;11;10;3;8;1;1;13;15;3;1;10;12;0;1;1;1;412;597;350;525;103;117;27;35
Athletico-PR;Corinthians;24.06.2023 16:00;1;0;3.06;0.75;43%;57%;24;11;6;2;9;5;9;4;11;24;5;5;1;2;13;22;2;5;25;10;-;-;5;2;321;584;254;496;98;107;48;60
Red Bull Bragantino;Flamengo;22.06.2023 21:30;4;0;3.32;0.65;54%;46%;30;6;12;0;9;6;9;0;7;4;17;2;2;2;22;21;0;8;2;5;-;-;-;-;531;353;441;275;156;67;85;30
Coritiba;Internacional;22.06.2023 20:00;0;1;1.75;0.85;48%;52%;15;5;3;4;10;0;2;1;18;24;10;5;1;6;15;33;3;3;22;14;-;-;2;4;391;384;313;307;104;106;37;25
Cuiabá;Botafogo;22.06.2023 20:00;0;1;1.24;0.76;51%;49%;23;5;8;3;10;1;5;1;16;10;6;2;2;2;12;24;2;8;10;13;-;-;2;2;494;485;420;393;121;115;60;37
Vasco;Goiás;22.06.2023 20:00;0;1;2.07;0.39;58%;42%;18;7;5;1;7;4;6;2;22;22;8;2;4;3;22;14;0;5;19;24;-;-;2;3;581;352;500;285;163;85;75;32
Grêmio;América-MG;22.06.2023 19:00;3;1;1.98;0.70;63%;37%;20;8;9;2;10;3;1;3;15;12;10;2;2;1;24;18;1;6;10;11;0;1;0;3;652;282;548;197;170;77;110;28
Bahia;Palmeiras;21.06.2023 21:30;1;0;0.75;0.93;47%;53%;6;9;3;1;2;7;1;1;22;22;6;8;6;7;18;17;1;2;18;16;-;-;4;3;399;448;319;363;110;116;56;37
Fluminense;Atlético-MG;21.06.2023 21:30;1;1;0.51;1.26;49%;51%;10;14;4;6;4;5;2;3;20;24;3;5;5;0;13;23;5;3;20;19;-;-;2;4;418;426;357;346;93;88;26;42
Santos;Corinthians;21.06.2023 20:00;0;2;1.06;1.26;50%;50%;12;10;4;4;5;5;3;1;15;17;5;2;0;1;21;18;2;4;17;14;-;-;2;4;426;439;360;366;120;75;51;26
Cruzeiro;Fortaleza;21.06.2023 19:00;0;1;1.35;1.84;68%;32%;12;10;3;2;5;4;4;4;20;8;5;2;1;7;25;17;1;3;9;12;-;-;4;4;559;269;470;177;172;76;54;29
São Paulo;Athletico-PR;21.06.2023 19:00;2;1;0.57;1.16;56%;44%;8;14;5;5;2;6;1;3;13;18;4;4;3;2;19;23;4;3;15;11;-;-;3;2;478;365;393;303;116;86;36;37
Flamengo;Grêmio;11.06.2023 18:30;3;0;1.28;1.90;57%;43%;15;22;4;8;9;10;2;4;17;20;3;7;1;1;17;20;8;1;20;17;-;-;0;3;471;441;400;362;126;106;45;72
Goiás;Fluminense;11.06.2023 18:30;2;2;2.62;1.07;43%;57%;22;10;9;3;10;4;3;3;22;19;6;7;5;1;19;19;1;7;15;22;-;-;3;3;347;488;274;420;86;95;47;49
Internacional;Vasco;11.06.2023 16:00;2;1;1.78;0.89;45%;55%;12;14;3;4;7;6;2;4;25;13;7;6;0;4;15;17;3;1;13;21;-;-;2;3;417;492;350;423;90;104;48;35
São Paulo;Palmeiras;11.06.2023 16:00;0;2;1.24;0.70;60%;40%;24;9;6;4;6;2;12;3;17;14;8;3;0;2;22;14;2;6;15;17;1;0;4;1;615;304;529;243;140;63;72;26
América-MG;Athletico-PR;11.06.2023 11:00;2;2;1.88;0.82;49%;51%;19;8;12;4;4;3;3;1;10;20;7;3;1;1;20;30;2;10;19;9;-;-;2;4;383;367;310;264;126;99;43;32
Botafogo;Fortaleza;10.06.2023 21:00;2;0;3.39;0.40;51%;49%;21;9;10;3;9;4;2;2;15;14;7;3;1;4;19;21;3;8;16;11;-;-;3;3;502;432;432;350;124;106;53;19
Atlético-MG;Red Bull Bragantino;10.06.2023 18:30;1;1;1.92;0.54;56%;44%;15;7;6;3;4;0;5;4;14;11;7;2;5;1;23;19;2;5;8;14;-;-;2;3;561;360;460;263;146;146;61;32
Bahia;Cruzeiro;10.06.2023 18:30;2;2;1.32;2.31;47%;53%;13;15;5;7;4;5;4;3;8;22;6;5;8;5;23;14;5;3;15;9;-;-;5;1;413;465;335;386;109;112;47;28
Corinthians;Cuiabá;10.06.2023 18:30;1;1;1.44;0.82;57%;43%;21;10;7;2;12;6;2;2;15;10;8;6;1;1;21;13;1;6;11;13;-;-;2;3;576;343;490;271;132;94;64;26
Coritiba;Santos;10.06.2023 16:00;0;0;1.23;0.68;46%;54%;16;7;6;3;7;2;3;2;20;19;8;3;4;3;29;25;3;6;15;18;0;1;3;2;369;397;288;325;119;94;56;27
Vasco;Flamengo;05.06.2023 20:00;1;4;1.70;0.73;41%;59%;13;10;5;5;7;4;1;1;17;14;4;0;2;0;19;16;1;4;13;17;-;-;2;0;414;556;337;489;123;97;51;29
Goiás;Cuiabá;04.06.2023 18:30;0;1;0.39;1.27;52%;48%;10;15;3;8;5;4;2;3;15;21;4;5;2;1;22;16;7;3;19;14;-;-;2;3;454;387;363;310;116;94;65;55
Palmeiras;Coritiba;04.06.2023 18:30;3;1;2.58;0.84;53%;47%;21;7;8;4;5;3;8;0;12;17;11;6;3;0;23;18;3;5;15;14;-;-;4;5;487;444;414;382;116;93;63;36
Fluminense;Red Bull Bragantino;04.06.2023 16:00;2;1;1.21;0.50;51%;49%;12;17;4;5;5;8;3;4;13;11;6;7;2;1;20;17;4;2;12;12;-;-;5;2;421;432;345;341;95;109;63;49
Grêmio;São Paulo;04.06.2023 16:00;2;1;2.12;1.21;41%;59%;20;14;6;3;7;8;7;3;13;10;7;8;3;2;13;19;2;4;8;12;-;-;2;1;375;569;300;472;90;131;48;54
Santos;Internacional;03.06.2023 21:00;1;1;1.60;0.81;55%;45%;18;8;5;3;10;3;3;2;13;17;5;5;0;0;22;7;2;4;19;12;-;-;2;4;514;394;432;315;160;95;60;34
América-MG;Corinthians;03.06.2023 18:30;2;0;1.33;1.21;38%;62%;13;6;6;2;3;2;4;2;14;16;2;3;1;0;16;30;2;4;15;13;-;-;1;0;286;683;203;587;109;144;41;46
Athletico-PR;Botafogo;03.06.2023 18:30;1;0;0.83;0.61;48%;52%;16;10;7;4;7;5;2;1;13;19;6;7;3;0;29;16;4;6;15;12;-;-;3;1;407;420;329;353;111;88;36;35
Cruzeiro;Atlético-MG;03.06.2023 18:30;0;1;1.98;0.64;56%;44%;18;7;6;3;9;3;3;1;27;22;12;4;3;5;19;20;2;6;19;21;-;-;6;5;463;265;374;188;131;64;64;22
Fortaleza;Bahia;03.06.2023 16:00;0;0;0.67;0.28;49%;51%;9;7;2;2;5;4;2;1;10;19;8;4;3;3;23;13;2;2;17;9;-;-;2;3;436;381;344;304;130;92;43;26
Botafogo;América-MG;28.05.2023 19:00;2;0;2.33;0.26;59%;41%;16;4;5;1;7;2;4;1;14;12;7;0;2;3;18;23;1;3;9;11;-;-;2;3;501;391;431;305;113;124;49;34
Atlético-MG;Palmeiras;28.05.2023 18:30;1;1;0.82;1.30;49%;51%;9;12;4;2;4;5;1;5;18;27;3;3;0;3;17;20;1;3;27;15;-;-;3;3;483;359;401;294;125;98;41;30
Red Bull Bragantino;Santos;28.05.2023 18:30;2;0;1.19;0.29;60%;40%;16;8;9;1;5;6;2;1;14;16;5;4;3;5;42;32;1;7;13;9;-;-;2;1;517;336;408;249;146;81;64;20
Corinthians;Fluminense;28.05.2023 16:00;2;0;1.22;1.10;30%;70%;13;22;4;7;8;10;1;5;8;18;7;6;2;3;11;21;7;2;18;6;-;-;4;2;319;707;249;643;58;155;31;71
Internacional;Bahia;28.05.2023 16:00;2;0;0.24;1.20;44%;56%;7;9;2;4;2;5;3;0;15;14;2;6;3;0;14;20;4;0;10;13;-;-;1;2;429;533;360;448;110;124;27;48
São Paulo;Goiás;27.05.2023 21:00;2;1;0.78;0.30;63%;37%;16;6;6;4;8;1;2;1;18;15;11;5;3;1;9;17;3;4;12;16;-;-;2;4;615;309;548;241;124;75;63;25
Cuiabá;Coritiba;27.05.2023 18:30;1;1;0.70;0.83;48%;52%;9;6;3;1;5;4;1;1;12;7;2;6;0;3;16;25;0;2;8;13;-;-;3;5;399;552;315;464;132;123;41;29
Flamengo;Cruzeiro;27.05.2023 18:30;1;1;2.08;1.09;66%;34%;13;17;2;6;8;9;3;2;15;10;2;1;5;3;23;18;5;1;13;17;-;-;4;5;611;402;544;334;144;92;73;40
Athletico-PR;Grêmio;27.05.2023 16:00;1;2;1.13;0.83;66%;34%;16;10;4;4;9;5;3;1;17;15;10;5;1;1;29;13;2;3;14;15;-;-;2;4;578;266;491;189;147;96;70;26
Fortaleza;Vasco;27.05.2023 16:00;2;0;1.63;0.56;57%;43%;13;11;6;1;5;2;2;8;18;11;8;5;3;3;14;19;1;4;11;15;-;-;3;1;391;404;317;335;104;99;50;39
Cruzeiro;Cuiabá;22.05.2023 20:00;0;1;1.33;1.18;59%;41%;15;15;8;2;7;9;0;4;15;21;6;2;5;2;28;24;1;8;15;14;-;-;1;3;491;245;403;179;152;100;69;31
Grêmio;Internacional;21.05.2023 18:30;3;1;1.21;1.55;36%;64%;13;21;6;4;5;11;2;6;15;15;3;7;1;1;25;20;3;3;14;15;1;0;2;1;219;535;142;460;83;131;48;53
Flamengo;Corinthians;21.05.2023 16:00;1;0;0.56;0.92;60%;40%;10;12;3;3;4;9;3;0;14;9;6;9;0;2;16;14;3;2;9;13;-;-;0;2;609;344;560;279;153;70;74;35
Santos;Palmeiras;20.05.2023 21:00;0;0;0.39;0.45;41%;59%;12;9;4;1;6;4;2;4;13;16;3;4;0;3;20;23;1;4;15;11;-;-;3;1;307;516;221;444;102;129;46;40
América-MG;Fortaleza;20.05.2023 18:30;2;1;0.50;1.04;32%;68%;8;14;2;6;4;4;2;4;8;15;1;2;0;1;16;20;5;0;15;7;-;-;4;2;235;673;166;586;66;122;46;105
Botafogo;Fluminense;20.05.2023 18:30;1;0;1.60;0.83;41%;59%;20;2;7;0;7;1;6;1;14;26;7;4;2;1;20;15;0;6;25;14;-;-;4;2;289;488;234;430;89;187;29;75
Coritiba;Atlético-MG;20.05.2023 18:30;1;2;1.00;1.55;36%;64%;9;17;4;7;5;5;0;5;16;20;5;7;1;0;19;18;5;3;19;16;1;1;5;8;256;513;199;439;89;129;37;56
Red Bull Bragantino;Athletico-PR;20.05.2023 18:30;2;0;1.64;1.04;57%;43%;13;16;4;5;7;8;2;3;15;22;6;5;2;3;17;23;5;2;17;10;-;-;2;3;404;260;334;196;104;72;46;40
São Paulo;Vasco;20.05.2023 18:30;4;2;2.17;0.93;51%;49%;14;17;7;6;5;7;2;4;16;10;3;9;0;1;24;24;4;3;9;16;-;-;0;4;439;406;378;330;88;115;35;59
Bahia;Goiás;20.05.2023 16:00;1;1;2.17;0.88;51%;49%;22;12;4;5;11;5;7;2;17;18;4;6;1;6;19;26;4;3;19;13;-;-;1;3;420;411;349;337;124;105;62;40
América-MG;Cruzeiro;14.05.2023 18:30;0;4;1.16;2.71;48%;52%;15;16;2;8;10;6;3;2;17;14;5;6;5;3;14;19;4;2;10;17;-;-;2;0;368;419;287;336;113;123;53;45
Athletico-PR;Coritiba;14.05.2023 18:30;3;2;2.93;0.30;63%;37%;24;7;7;3;15;3;2;1;13;12;4;1;1;1;29;23;1;4;10;12;-;-;3;3;603;290;507;203;179;90;66;30
Goiás;Botafogo;14.05.2023 18:30;2;1;2.01;1.42;48%;52%;5;15;4;2;1;10;0;3;20;23;4;7;2;2;21;25;1;2;22;17;-;-;6;3;342;419;274;327;85;103;48;63
Corinthians;São Paulo;14.05.2023 16:00;1;1;0.94;0.82;37%;63%;7;6;3;1;4;2;0;3;15;12;5;4;0;2;22;20;0;2;15;17;-;-;2;4;370;694;300;618;75;144;57;48
Grêmio;Fortaleza;14.05.2023 16:00;0;0;0.75;0.68;52%;48%;16;15;6;5;6;7;4;3;19;24;9;4;1;1;21;14;5;6;22;22;-;-;3;4;506;369;415;292;135;95;69;37
Vasco;Santos;14.05.2023 16:00;0;1;1.33;0.61;61%;39%;21;6;9;1;9;4;3;1;15;15;13;1;0;3;28;24;0;9;15;12;-;-;4;1;547;252;449;179;156;68;91;25
Atlético-MG;Internacional;13.05.2023 21:00;2;0;1.40;0.28;55%;45%;13;5;4;4;7;1;2;0;11;14;3;3;0;2;18;19;4;2;14;8;-;-;2;3;490;428;406;347;119;108;33;43
Fluminense;Cuiabá;13.05.2023 18:30;2;0;0.89;1.00;58%;42%;7;11;2;2;5;4;0;5;14;12;7;3;0;4;14;15;2;0;12;10;-;-;3;4;632;389;557;318;93;109;38;48
Palmeiras;Red Bull Bragantino;13.05.2023 18:30;1;1;1.41;1.27;56%;44%;21;8;6;3;9;4;6;1;20;15;15;6;3;2;15;20;2;5;12;18;-;-;1;4;438;340;359;265;113;98;72;30
Bahia;Flamengo;13.05.2023 16:00;2;3;0.95;2.44;51%;49%;21;14;7;5;13;7;1;2;18;15;10;4;0;5;18;8;2;5;14;13;2;0;8;5;434;376;369;331;103;86;65;40
Fortaleza;São Paulo;11.05.2023 20:00;0;0;0.96;0.69;42%;58%;12;11;3;1;7;5;2;5;18;12;4;10;3;1;16;17;1;3;10;17;1;1;2;5;387;515;313;438;97;107;41;37
Botafogo;Corinthians;11.05.2023 19:30;3;0;2.71;0.60;50%;50%;16;11;6;4;5;3;5;4;4;12;3;3;1;0;12;16;4;3;11;4;-;-;1;2;600;551;546;479;109;124;50;41
Coritiba;Vasco;11.05.2023 19:00;1;1;0.71;0.67;40%;60%;10;7;6;2;4;4;0;1;19;21;5;5;1;3;17;24;2;5;20;16;-;-;2;1;310;532;233;442;94;144;29;55
Cruzeiro;Fluminense;10.05.2023 21:30;0;2;2.20;1.40;49%;51%;27;10;7;6;15;3;5;1;13;14;16;3;1;3;18;19;4;7;14;9;0;1;1;5;453;472;376;415;114;54;90;31
Palmeiras;Grêmio;10.05.2023 21:30;4;1;4.78;0.08;61%;39%;25;3;10;2;12;1;3;0;11;8;7;4;2;0;24;13;1;6;10;12;-;-;2;4;596;411;524;341;107;79;45;23
Cuiabá;Atlético-MG;10.05.2023 20:00;0;4;0.30;2.32;45%;55%;7;9;1;7;5;1;1;1;17;10;6;1;0;1;14;12;3;1;11;17;-;-;1;2;481;543;389;484;83;72;35;19
Flamengo;Goiás;10.05.2023 20:00;2;0;2.45;0.66;57%;43%;20;14;6;6;11;6;3;2;9;23;8;7;1;1;15;18;6;4;22;8;-;-;0;1;576;451;513;374;90;72;66;20
Internacional;Athletico-PR;10.05.2023 19:00;0;2;1.09;1.55;47%;53%;11;14;2;5;7;4;2;5;13;13;4;3;2;2;30;17;3;2;11;10;-;-;2;4;432;537;363;446;82;104;48;53
Red Bull Bragantino;América-MG;10.05.2023 19:00;2;2;1.52;2.04;58%;42%;21;9;10;3;5;3;6;3;19;16;5;4;3;2;23;16;1;8;14;17;-;-;5;3;450;275;351;190;145;61;72;27
Santos;Bahia;10.05.2023 19:00;3;0;1.94;1.11;44%;56%;13;13;9;2;4;8;0;3;14;24;1;4;5;0;19;27;2;6;19;13;-;-;3;4;381;559;312;481;87;125;27;36
Corinthians;Fortaleza;08.05.2023 20:00;1;1;1.06;1.04;48%;52%;19;16;8;1;9;7;2;8;11;9;5;5;3;2;19;12;0;7;6;9;-;-;2;2;496;524;432;472;131;130;109;91
Botafogo;Atlético-MG;07.05.2023 18:30;2;0;2.23;0.46;39%;61%;20;10;7;1;9;6;4;3;11;14;5;9;0;4;16;25;1;5;13;8;-;-;1;3;348;525;278;441;77;102;45;38
Goiás;Palmeiras;07.05.2023 18:30;0;5;0.83;2.22;45%;55%;13;15;4;7;6;6;3;2;29;14;4;6;1;1;15;12;2;4;13;28;1;0;2;6;408;557;343;496;87;101;31;49
Grêmio;Red Bull Bragantino;07.05.2023 18:30;3;3;1.87;1.55;43%;57%;10;22;3;8;4;7;3;7;21;12;4;7;3;2;19;31;5;0;9;19;-;-;5;2;336;454;249;341;80;128;28;66
Athletico-PR;Flamengo;07.05.2023 16:00;2;1;1.16;1.26;40%;60%;11;14;5;4;4;3;2;7;10;17;2;8;2;0;19;16;3;3;15;12;-;-;2;2;347;543;277;449;67;124;43;67
Bahia;Coritiba;07.05.2023 16:00;3;1;0.99;0.34;51%;49%;13;11;5;5;5;3;3;3;27;25;3;5;1;2;13;26;4;2;28;24;-;-;2;7;425;390;340;305;105;136;52;28
São Paulo;Internacional;07.05.2023 16:00;2;0;1.94;0.83;44%;56%;6;12;4;4;1;4;1;4;11;15;4;9;2;3;20;38;4;2;16;8;-;-;3;4;384;530;319;456;85;115;33;51
América-MG;Cuiabá;07.05.2023 11:00;1;2;1.53;0.52;49%;51%;13;8;4;5;6;2;3;1;15;20;4;6;5;1;10;16;3;3;19;12;1;0;3;4;400;473;324;379;129;110;64;52
Fluminense;Vasco;06.05.2023 21:00;1;1;1.77;0.67;70%;30%;24;8;8;1;11;5;5;2;19;13;9;1;1;1;23;14;0;7;12;19;-;-;3;3;723;197;615;137;172;47;115;19
Cruzeiro;Santos;06.05.2023 16:00;2;1;1.45;1.22;53%;47%;10;8;3;3;6;5;1;0;20;17;4;4;0;5;27;25;2;1;17;14;-;-;6;3;494;423;405;330;129;93;44;53
Vasco;Bahia;01.05.2023 20:00;0;1;0.84;1.36;55%;45%;17;11;7;6;10;5;-;-;-;-;7;6;4;1;-;-;5;7;20;17;-;-;1;4;-;-;-;-;124;80;46;45
Cuiabá;Grêmio;30.04.2023 18:30;1;2;1.34;1.66;51%;49%;16;11;5;5;11;6;-;-;-;-;7;5;2;2;-;-;3;4;14;12;1;0;5;5;-;-;-;-;117;92;72;44
Internacional;Goiás;30.04.2023 18:30;1;0;0.94;0.72;58%;42%;18;16;8;3;10;13;-;-;-;-;8;11;1;4;-;-;3;7;16;10;0;1;4;2;-;-;-;-;91;96;57;48
Flamengo;Botafogo;30.04.2023 16:00;2;3;3.14;2.03;74%;26%;25;13;11;6;14;7;-;-;-;-;7;2;4;1;-;-;3;9;11;10;0;1;4;4;-;-;-;-;150;58;87;26
Atlético-MG;Athletico-PR;29.04.2023 21:00;2;1;1.97;0.49;60%;40%;18;8;7;3;11;5;-;-;-;-;1;5;1;2;-;-;2;5;12;11;0;1;3;2;-;-;-;-;127;84;48;33
Palmeiras;Corinthians;29.04.2023 18:30;2;1;1.23;0.42;54%;46%;21;10;6;3;15;7;-;-;-;-;12;3;0;1;-;-;2;4;20;14;-;-;3;3;-;-;-;-;114;104;66;39
Red Bull Bragantino;Cruzeiro;29.04.2023 18:30;0;3;1.12;2.08;45%;55%;12;19;5;5;7;14;-;-;-;-;5;9;1;4;-;-;2;5;18;7;2;0;5;3;-;-;-;-;117;104;44;55
Santos;América-MG;29.04.2023 18:30;3;2;1.52;1.41;44%;56%;11;19;6;7;5;12;-;-;-;-;2;6;0;1;-;-;5;3;15;14;1;0;3;4;-;-;-;-;95;127;39;51
Coritiba;São Paulo;29.04.2023 16:30;1;1;0.41;0.16;40%;60%;17;21;4;7;13;14;-;-;-;-;7;6;2;2;-;-;6;3;15;13;-;-;4;1;-;-;-;-;82;134;47;37
Fortaleza;Fluminense;29.04.2023 16:30;4;2;4.88;1.56;30%;70%;19;11;15;3;4;8;-;-;-;-;8;5;1;1;-;-;1;11;7;15;-;-;0;3;-;-;-;-;70;128;38;71
Bahia;Botafogo;24.04.2023 20:00;1;2;0.97;0.21;60%;40%;13;5;5;3;3;2;5;0;13;15;6;3;0;5;18;27;1;4;18;9;-;-;1;2;540;368;452;289;127;110;54;30
Goiás;Corinthians;23.04.2023 19:00;3;1;1.06;0.37;51%;49%;18;10;7;2;6;4;5;4;24;25;5;8;4;1;29;21;1;4;21;23;-;-;5;2;392;396;317;319;124;72;65;33
Coritiba;Fortaleza;23.04.2023 18:30;0;3;0.75;1.69;59%;41%;18;16;7;9;7;4;4;3;12;11;3;7;2;2;24;20;6;7;9;10;-;-;1;2;496;339;420;268;120;83;29;43
Santos;Atlético-MG;23.04.2023 16:00;0;0;0.94;1.37;37%;63%;12;15;2;5;5;6;5;4;22;11;9;6;0;1;17;29;5;2;11;21;-;-;3;3;318;553;247;466;105;130;38;65
Vasco;Palmeiras;23.04.2023 16:00;2;2;1.83;0.81;35%;65%;11;13;3;7;4;5;4;1;14;19;2;5;0;0;25;24;5;1;19;15;-;-;4;3;257;470;175;378;88;132;37;53
Internacional;Flamengo;23.04.2023 11:00;2;1;1.09;1.78;36%;64%;16;16;4;4;5;8;7;4;16;16;6;2;2;3;15;23;3;2;14;13;-;-;3;1;310;586;251;515;87;129;41;51
Cruzeiro;Grêmio;22.04.2023 21:00;1;0;1.47;0.89;49%;51%;21;11;6;7;9;2;6;2;11;22;11;5;1;3;20;20;7;5;21;8;1;0;6;2;488;511;393;405;134;109;60;44
Cuiabá;Red Bull Bragantino;22.04.2023 18:30;1;1;1.32;0.96;34%;66%;14;7;3;2;8;4;3;1;23;20;4;5;3;2;25;29;1;2;17;21;-;-;3;3;246;511;169;411;86;120;48;50
São Paulo;América-MG;22.04.2023 18:30;3;0;2.54;1.31;53%;47%;17;22;6;8;8;8;3;6;17;19;3;7;1;3;22;21;8;3;18;12;-;-;5;3;437;384;366;311;114;107;38;49
Fluminense;Athletico-PR;22.04.2023 16:00;2;0;0.81;0.73;62%;38%;14;10;4;1;6;4;4;5;21;16;10;6;3;1;23;15;1;2;13;20;-;-;3;3;559;342;491;280;129;96;62;32
Grêmio;Santos;16.04.2023 18:30;1;0;1.73;1.36;45%;55%;17;16;6;4;6;8;5;4;16;13;4;11;1;1;16;25;4;5;12;16;0;1;3;4;397;466;304;377;104;111;51;65
Corinthians;Cruzeiro;16.04.2023 16:00;2;1;1.69;0.54;41%;59%;12;8;7;2;4;3;1;3;13;15;7;4;4;2;14;30;1;5;14;12;-;-;4;2;406;576;316;491;84;139;36;41
Flamengo;Coritiba;16.04.2023 16:00;3;0;1.51;0.39;59%;41%;15;10;7;3;5;2;3;5;17;21;6;3;1;2;19;21;3;4;20;17;-;-;3;3;542;379;480;323;147;96;82;26
Atlético-MG;Vasco;15.04.2023 21:00;1;2;-;-;75%;25%;26;7;10;3;7;1;9;3;12;17;14;3;2;2;21;15;1;9;15;10;-;-;6;5;602;203;529;135;145;73;73;20
Athletico-PR;Goiás;15.04.2023 18:30;2;0;-;-;43%;57%;11;16;3;2;4;8;4;6;19;19;3;8;1;1;18;24;2;1;19;18;-;-;2;3;369;480;289;397;96;120;44;51
Botafogo;São Paulo;15.04.2023 18:30;2;1;-;-;32%;68%;12;16;3;8;5;6;4;2;14;22;3;7;2;1;19;10;7;1;20;13;-;-;3;2;293;646;229;574;85;122;57;41
Fortaleza;Internacional;15.04.2023 18:30;1;1;-;-;47%;53%;24;11;6;6;7;5;11;0;14;17;5;1;1;2;24;17;5;5;18;13;-;-;2;1;398;474;319;379;126;110;73;30
Red Bull Bragantino;Bahia;15.04.2023 18:30;2;1;-;-;56%;44%;13;9;7;3;4;5;2;1;15;22;4;7;2;3;26;36;2;5;20;13;-;-;3;1;436;343;339;248;127;87;54;39
América-MG;Fluminense;15.04.2023 16:00;0;3;1.14;3.26;46%;54%;17;15;2;8;9;3;6;4;12;25;11;1;2;3;15;13;5;2;25;9;-;-;3;2;336;442;267;364;114;56;95;22
Palmeiras;Cuiabá;15.04.2023 16:00;2;1;2.88;0.72;52%;48%;17;12;5;4;7;6;5;2;14;25;4;4;3;2;25;18;3;3;23;12;0;1;2;5;455;426;382;337;111;112;73;41
